{"FwTHbGg0MB1AxkMttk/1iw==":"mbr-1920x1280.jpg","MNA86/0Yb+sPkzdR6C4JIA==":"mbr-1-1920x1280.jpg","PhIaVHK3hGxTBlyCDc8CLA==":"steps-2000x617.png","0N601WDYQa0snFB1wJkX2A==":"steps-1-2000x617.png","jQXnZGBdBZpyTP0sD5shDA==":"steps-2-2000x617.png","QvGziqU8Nb4ak2zMSiAb2g==":"steps3-2000x564.png","I6OMHOlWIEQOG0Uox+PJ1w==":"steps4-1695x731.png","bnCSRZwp2H2Rvp+d0rWDyQ==":"steps4-1561x697.png","2sDlCIviaq7r9dvKrukelA==":"steps4-1493x678.png","jUgpnUeNMobLLdjMAECrzA==":"steps4-1445x637.png","zNIxWxth3Hd+wvIpO2z26w==":"steps4-1-1445x637.png","Ih7vIdEsuvnofwnU5Ll2Kg==":"logoasr-1121x318.jpg","U7OHmViannqe+hAikf3zIQ==":"steps-1042x321.png","nTMDiI93dqVV8vPWoj+YrQ==":"steps-1-1042x321.png","GY7YucRh+wV1wmHlcrtIXw==":"steps2-1042x211.png","ydkWnq3UnQcTyWD5Ngs1MA==":"mbr-510x340.jpg","i1IpIfpU0jKJh94uB29rJg==":"mbr-510x396.jpg","7LgZu8vfUOEBv0efpWTrIw==":"mbr-510x318.jpg","A9n85lHqAmR1U9NYzD1Auw==":"mbr-510x339.jpg","XCrmRaWFR1+H47JHHv/6UQ==":"mbr-1-510x340.jpg","vs6P914WxM9YrAXr7wctUw==":"mbr-510x217.jpg","U2QKelo8U/7rPh49Itgzbw==":"mbr-2-510x340.jpg","2qQKcMb49UNeRfp6vblUEw==":"logoasr-122x35.jpg","eLZzXOXMjec7DPLVNX/O2Q==":"logoasr-192x54.jpg","op6h5gSZIsQfumsRBNiDmw==":"product4-594x648.png","nyxhtPCkmt9siCEozPAXfA==":"logo-424x435.png","U+D1LOyYP0f6f2BQINz+9A==":"logo-176x180.png","B7mjD+xC9sLmYyDyiSQT9w==":"logo-1-424x435.png","S+NpQ97VHphDssMErhUZtQ==":"mbr-2-1920x1280.jpg","f0tL/FoNz/im5P9N4oDtsA==":"mbr-3-1920x1280.jpg","oWvZxN1mjMnm/rUgoxli+g==":"mbr-4-1920x1280.jpg","yb8D5WzyaCHcmiOTNUvv9g==":"mbr-5-1920x1280.jpg","xbxr6GbsLpZ45xKWBRutgw==":"mbr-752x501.jpg","3uwrqEr7z2AB0jd2JpV/nA==":"mbr-1-752x501.jpg","8LIbNeI+ghN7IpFbBG88Zw==":"mbr-2-752x501.jpg","gUJ8Y5i2QbDug5b4dIRizw==":"mbr-752x519.jpg","XmDLpUgeffJW6qR0EZiDzg==":"mbr-1-752x519.jpg","FaLlezYrhj6dVTRe80ksxg==":"mbr-3-752x501.jpg","ZLHuqRH5JezwMbY2MuTxWw==":"mbr-752x500.jpg","WvjAYcUniwo4gMMTuOtRmg==":"mbr-752x504.jpg","x3XNtZzWR7jYtSS89qfJkA==":"mbr-1920x1080.jpg","KALkwmnHPZvhadS2tNT9Bg==":"mbr-6-1920x1280.jpg","7OIlu8iXhrQvluq2yybFwg==":"mbr-1-1920x1080.jpg","bM+bKrTMoCxD4VxIiAhWVw==":"mbr-1920x867.jpg","kQhoza7rFZ3/8kS0ZaZ20g==":"mbr-1-1920x867.jpg","RKaqe17J65VTkuL77WdyUA==":"mbr-7-1920x1280.jpg","Hh5w10nADrME84CakHmMBw==":"mbr-1920x1224.jpg","UiXDo9T0jpIJnA56KwD82w==":"mbr-2-1920x1080.jpg","cf7RBwFvG2MBrjgd09/Dfw==":"mbr-1920x1920.jpg","TtTJItbwqQt/LbKOJEtlew==":"necklaces3-232x290.jpg","YMmv3/NZza/XeAw3X2SXPQ==":"necklaces-480x730.jpg","3i4gb+QzzYCPYYFpslO/QA==":"necklaces-650x650.png","1ydthiz/1MvnvYYBKSF4tg==":"necklaces6-2000x2000.jpg","/9oO6jjl/xEann46sEGtQg==":"_-__2_55(1)-500x500.jpg","xCG0Fc/9JGtnQlfZwKsgHw==":"earrings3-1760x2040.jpg","h326z1u24XjUnGrxP4WZng==":"earrings-1200x1200.png","j/aw5HgkECnPBwEXYYuEdQ==":"earrings6-384x384.jpg","F+IWkzzXfx9Kvu+lfbh54w==":"ring1-466x466.jpg","urOxPe2XvjB6KV0M0AfllQ==":"ring3-745x745.jpg","OViIRf9A7IhpeMvBtvIe+A==":"mbr-1920x1288.jpg","ixIKGiXsXMmZjYtIQo30kA==":"mbr-8-1920x1280.jpg","dRrsL8wy5j0ZkDq59+CDVA==":"mbr-1920x1270.jpg","0OOE1Usrtktm437Z/qTMRQ==":"background2.jpg","ihlkf69UyfSmhSyJ1Jvc6w==":"jumbotron.jpg","3HKjgrArhVtVIqKdY6X3ZQ==":"steps4-2-1445x637.png","kJktIxlRX585bbeOImYztg==":"mbr-9-1920x1280.jpg","pfihPuiJw1mnThAcIq3AOQ==":"mbr-10-1920x1280.jpg","ZDMVsdqVTuINUVUIAHvyvw==":"mbr-1920x1279.jpg","OIKDI0K/TmbIk5AvbVGv5Q==":"mbr-1920x1415.jpg","fNkbITd31CCKQTUMYIVVHQ==":"mbr-1920x1281.jpg","52KHRlnLRFDGuGgukMKsAw==":"mbr-11-1920x1280.jpg","SkB+8osr/CQuAkv1TZnUGA==":"mbr-12-1920x1280.jpg","m374gl5IAdgc3cdkGjj0Ag==":"mbr-1920x1278.jpg"}